Date,Close
2018-01-02,7.998515
2018-01-03,8.009211
2018-01-04,8.279548
2018-01-05,8.444102
2018-01-08,8.714342
2018-01-09,9.058693
2018-01-10,9.105016
2018-01-11,8.984416
2018-01-12,9.324953
2018-01-15,9.353126
2018-01-16,9.239724
2018-01-17,9.397971
2018-01-18,9.406944
2018-01-19,9.654988
2018-01-22,9.861112
2018-01-23,10.061939
2018-01-24,9.930879
2018-01-25,9.812312
2018-01-26,9.336474
2018-01-29,9.244776
2018-01-30,8.998605
2018-01-31,9.397016
2018-02-01,9.091433
2018-02-02,9.24348
2018-02-05,9.585128
2018-02-06,9.209576
2018-02-07,9.066576
2018-02-08,9.352351
2018-02-09,9.647966
2018-02-12,9.915743
2018-02-13,10.157474
2018-02-14,10.777667
2018-02-15,10.959537
2018-02-16,10.877706
2018-02-19,10.345422
2018-02-20,10.450903
2018-02-21,10.503381
2018-02-22,10.593387
2018-02-23,10.612963
2018-02-26,11.088607
2018-02-27,11.788023
2018-02-28,12.273133
2018-03-01,12.862239
2018-03-02,13.544256
2018-03-05,13.220848
2018-03-06,13.432697
2018-03-07,14.118436
2018-03-08,14.104955
2018-03-09,13.553617
2018-03-12,13.122749
2018-03-13,13.147053
2018-03-14,12.820085
2018-03-15,12.497244
2018-03-16,12.460639
2018-03-19,12.007397
2018-03-20,12.551366
2018-03-21,12.446228
2018-03-22,12.779108
2018-03-23,13.167433
2018-03-26,13.420621
2018-03-27,12.843383
2018-03-28,13.245398
2018-03-29,13.671024
2018-03-30,14.504725
2018-04-02,14.096237
2018-04-03,13.963746
2018-04-04,13.274862
2018-04-05,12.480824
2018-04-06,12.598973
2018-04-09,12.27348
2018-04-10,11.907615
2018-04-11,12.045399
2018-04-12,11.843606
2018-04-13,11.677647
2018-04-16,11.907482
2018-04-17,12.114684
2018-04-18,12.003955
2018-04-19,11.40975
2018-04-20,11.464714
2018-04-23,11.814089
2018-04-24,11.311538
2018-04-25,11.078136
2018-04-26,10.728987
2018-04-27,10.130336
2018-04-30,10.0724
2018-05-01,9.947561
2018-05-02,9.834036
2018-05-03,9.434709
2018-05-04,9.252013
2018-05-07,9.479113
2018-05-08,9.250542
2018-05-09,9.362217
2018-05-10,9.45192
2018-05-11,9.974292
2018-05-14,10.634338
2018-05-15,10.241916
2018-05-16,10.496373
2018-05-17,10.616394
2018-05-18,10.563678
2018-05-21,10.647069
2018-05-22,10.488181
2018-05-23,10.451048
2018-05-24,10.169762
2018-05-25,9.833299
2018-05-28,9.27768
2018-05-29,9.299865
2018-05-30,9.553727
2018-05-31,9.923139
2018-06-01,10.218952
2018-06-04,10.678006
2018-06-05,10.405644
2018-06-06,10.203617
2018-06-07,10.263315
2018-06-08,10.345691
2018-06-11,10.408726
2018-06-12,10.383091
2018-06-13,10.359895
2018-06-14,10.004709
2018-06-15,10.005526
2018-06-18,10.122376
2018-06-19,10.105936
2018-06-20,10.154568
2018-06-21,10.318267
2018-06-22,10.658981
2018-06-25,10.933172
2018-06-26,10.986024
2018-06-27,10.950363
2018-06-28,11.128544
2018-06-29,11.074124
2018-07-02,11.091124
2018-07-03,11.482488
2018-07-04,11.686967
2018-07-05,11.831083
2018-07-06,11.975834
2018-07-09,11.981719
2018-07-10,12.022299
2018-07-11,11.96368
2018-07-12,11.943336
2018-07-13,11.643139
2018-07-16,11.773918
2018-07-17,12.072555
2018-07-18,11.877454
2018-07-19,11.222074
2018-07-20,10.969802
2018-07-23,10.804
2018-07-24,10.572915
2018-07-25,10.726434
2018-07-26,10.906275
2018-07-27,10.855884
2018-07-30,10.792956
2018-07-31,10.376973
2018-08-01,10.806616
2018-08-02,11.112975
2018-08-03,10.854267
2018-08-06,10.589129
2018-08-07,10.786601
2018-08-08,10.589763
2018-08-09,10.650649
2018-08-10,10.431094
2018-08-13,10.379499
2018-08-14,10.612839
2018-08-15,11.212353
2018-08-16,11.61329
2018-08-17,11.480178
2018-08-20,11.067624
2018-08-21,11.493892
2018-08-22,12.066796
2018-08-23,12.787228
2018-08-24,12.618276
2018-08-27,12.491283
2018-08-28,12.514583
2018-08-29,12.76841
2018-08-30,12.911583
2018-08-31,12.517622
2018-09-03,12.601978
2018-09-04,13.003357
2018-09-05,13.754245
2018-09-06,14.094196
2018-09-07,14.432668
2018-09-10,14.391122
2018-09-11,14.738404
2018-09-12,14.642437
2018-09-13,14.915066
2018-09-14,14.801557
2018-09-17,15.04879
2018-09-18,14.849635
2018-09-19,14.279336
2018-09-20,14.297849
2018-09-21,14.30951
2018-09-24,14.343842
2018-09-25,14.07657
2018-09-26,13.995608
2018-09-27,14.137053
2018-09-28,14.457276
2018-10-01,14.141936
2018-10-02,13.73783
2018-10-03,13.805953
2018-10-04,13.775887
2018-10-05,13.18539
2018-10-08,13.341931
2018-10-09,13.434261
2018-10-10,13.30728
2018-10-11,12.861218
2018-10-12,12.142084
2018-10-15,11.921816
2018-10-16,11.766497
2018-10-17,12.059514
2018-10-18,12.640605
2018-10-19,12.934534
2018-10-22,13.090592
2018-10-23,12.775601
2018-10-24,12.056456
2018-10-25,11.632457
2018-10-26,11.57469
2018-10-29,11.133121
2018-10-30,10.552465
2018-10-31,10.016284
2018-11-01,9.89542
2018-11-02,9.494718
2018-11-05,9.451216
2018-11-06,9.667108
2018-11-07,9.804382
2018-11-08,10.089065
2018-11-09,10.199903
2018-11-12,10.307729
2018-11-13,10.297008
2018-11-14,10.196055
2018-11-15,10.503409
2018-11-16,10.412579
2018-11-19,10.087914
2018-11-20,10.510384
2018-11-21,10.656112
2018-11-22,10.727533
2018-11-23,10.339772
2018-11-26,10.413023
2018-11-27,10.270959
2018-11-28,10.24123
2018-11-29,9.965383
2018-11-30,9.641537
2018-12-03,9.543594
2018-12-04,9.29861
2018-12-05,9.193401
2018-12-06,9.200448
2018-12-07,8.717431
2018-12-10,8.471627
2018-12-11,8.223556
2018-12-12,8.458069
2018-12-13,8.302264
2018-12-14,8.507265
2018-12-17,8.538873
2018-12-18,8.567728
2018-12-19,8.580432
2018-12-20,8.900731
2018-12-21,8.812839
2018-12-24,8.699246
2018-12-25,9.012501
2018-12-26,9.218184
2018-12-27,9.362877
2018-12-28,9.236683
2018-12-31,9.098394
2019-01-01,9.514144
2019-01-02,9.999737
2019-01-03,10.019252
2019-01-04,10.06828
2019-01-07,10.289132
2019-01-08,9.978407
2019-01-09,9.527972
2019-01-10,8.995244
2019-01-11,8.992401
2019-01-14,8.944035
2019-01-15,9.047808
2019-01-16,9.000389
2019-01-17,8.805476
2019-01-18,8.530051
2019-01-21,8.541944
2019-01-22,8.970544
2019-01-23,8.587181
2019-01-24,8.086557
2019-01-25,8.320783
2019-01-28,8.205644
2019-01-29,7.867878
2019-01-30,7.762019
2019-01-31,7.737436
2019-02-01,7.832394
2019-02-04,8.034956
2019-02-05,7.648893
2019-02-06,7.334467
2019-02-07,7.187462
2019-02-08,7.420303
2019-02-11,7.213762
2019-02-12,7.094092
2019-02-13,6.695885
2019-02-14,6.48444
2019-02-15,6.488748
2019-02-18,6.445077
2019-02-19,6.371202
2019-02-20,6.479095
2019-02-21,6.310819
2019-02-22,6.187552
2019-02-25,6.33357
2019-02-26,6.571164
2019-02-27,6.67504
2019-02-28,6.711988
2019-03-01,6.418788
2019-03-04,6.536641
2019-03-05,6.612353
2019-03-06,6.820384
2019-03-07,6.619192
2019-03-08,6.602715
2019-03-11,6.528537
2019-03-12,6.613216
2019-03-13,6.746854
2019-03-14,6.658753
2019-03-15,6.434025
2019-03-18,6.43695
2019-03-19,6.273509
2019-03-20,6.275824
2019-03-21,6.041972
2019-03-22,6.092984
2019-03-25,6.234565
2019-03-26,6.105076
2019-03-27,6.083285
2019-03-28,6.187379
2019-03-29,6.15032
2019-04-01,6.075598
2019-04-02,5.90697
2019-04-03,6.154456
2019-04-04,6.520427
2019-04-05,6.245552
2019-04-08,5.925404
2019-04-09,5.575388
2019-04-10,5.520222
2019-04-11,5.582083
2019-04-12,5.595713
2019-04-15,5.562976
2019-04-16,5.28523
2019-04-17,5.327585
2019-04-18,5.386832
2019-04-19,5.226137
2019-04-22,4.909451
2019-04-23,4.851399
2019-04-24,4.768529
2019-04-25,4.68772
2019-04-26,4.868508
2019-04-29,4.808493
2019-04-30,4.782743
2019-05-01,4.883447
2019-05-02,4.755961
2019-05-03,4.554194
2019-05-06,4.590159
2019-05-07,4.596495
2019-05-08,4.598995
2019-05-09,4.77444
2019-05-10,4.849552
2019-05-13,5.098528
2019-05-14,4.977653
2019-05-15,5.181633
2019-05-16,5.400483
2019-05-17,5.409678
2019-05-20,5.472334
2019-05-21,5.287406
2019-05-22,4.962046
2019-05-23,4.94352
2019-05-24,4.85388
2019-05-27,4.869128
2019-05-28,4.811993
2019-05-29,4.541625
2019-05-30,4.554057
2019-05-31,4.420239
2019-06-03,4.153143
2019-06-04,3.944005
2019-06-05,3.925557
2019-06-06,3.877241
2019-06-07,3.872323
2019-06-10,3.829082
2019-06-11,3.90433
2019-06-12,3.872513
2019-06-13,3.656527
2019-06-14,3.570844
2019-06-17,3.596972
2019-06-18,3.66335
2019-06-19,3.677492
2019-06-20,3.829386
2019-06-21,3.701815
2019-06-24,3.846002
2019-06-25,4.001811
2019-06-26,3.916668
2019-06-27,3.685247
2019-06-28,3.499552
2019-07-01,3.514846
2019-07-02,3.460954
2019-07-03,3.454101
2019-07-04,3.554234
2019-07-05,3.475848
2019-07-08,3.421587
2019-07-09,3.428593
2019-07-10,3.494062
2019-07-11,3.424064
2019-07-12,3.528921
2019-07-15,3.492895
2019-07-16,3.295941
2019-07-17,3.335803
2019-07-18,3.351168
2019-07-19,3.17476
2019-07-22,3.045276
2019-07-23,3.072858
2019-07-24,3.171603
2019-07-25,3.164274
2019-07-26,3.022961
2019-07-29,3.044879
2019-07-30,3.204755
2019-07-31,3.128704
2019-08-01,3.095337
2019-08-02,3.242498
2019-08-05,3.331364
2019-08-06,3.386987
2019-08-07,3.279109
2019-08-08,3.385886
2019-08-09,3.58272
2019-08-12,3.647402
2019-08-13,3.819766
2019-08-14,3.655122
2019-08-15,3.560073
2019-08-16,3.356276
2019-08-19,3.392956
2019-08-20,3.547983
2019-08-21,3.437248
2019-08-22,3.423546
2019-08-23,3.593184
2019-08-26,3.682222
2019-08-27,3.880281
2019-08-28,3.903715
2019-08-29,3.926246
2019-08-30,3.961903
2019-09-02,4.165279
2019-09-03,4.420119
2019-09-04,4.413223
2019-09-05,4.391329
2019-09-06,4.379307
2019-09-09,4.429549
2019-09-10,4.316883
2019-09-11,4.373743
2019-09-12,4.516314
2019-09-13,4.454461
2019-09-16,4.366699
2019-09-17,4.23182
2019-09-18,4.36344
2019-09-19,4.268925
2019-09-20,4.019641
2019-09-23,3.888179
2019-09-24,3.740223
2019-09-25,3.676214
2019-09-26,3.580214
2019-09-27,3.736187
2019-09-30,3.81671
2019-10-01,3.66975
2019-10-02,3.696294
2019-10-03,3.892337
2019-10-04,3.922547
2019-10-07,3.797646
2019-10-08,3.95579
2019-10-09,3.862596
2019-10-10,3.974265
2019-10-11,3.861178
2019-10-14,3.776317
2019-10-15,3.771698
2019-10-16,3.880036
2019-10-17,4.073939
2019-10-18,4.241143
2019-10-21,4.052426
2019-10-22,4.018931
2019-10-23,4.026837
2019-10-24,4.08972
2019-10-25,4.04464
2019-10-28,4.221414
2019-10-29,4.366014
2019-10-30,4.386283
2019-10-31,4.237031
2019-11-01,4.180363
2019-11-04,3.969644
2019-11-05,3.963037
2019-11-06,3.879051
2019-11-07,3.943991
2019-11-08,3.965981
2019-11-11,3.774219
2019-11-12,3.699977
2019-11-13,3.738459
2019-11-14,3.92998
2019-11-15,4.087601
2019-11-18,4.211998
2019-11-19,4.400482
2019-11-20,4.371172
2019-11-21,4.537445
2019-11-22,4.392999
2019-11-25,4.308726
2019-11-26,4.208103
2019-11-27,4.154616
2019-11-28,4.108603
2019-11-29,4.091112
2019-12-02,4.071681
2019-12-03,4.079492
2019-12-04,4.069796
2019-12-05,4.08627
2019-12-06,4.143744
2019-12-09,4.235188
2019-12-10,4.352427
2019-12-11,4.51107
2019-12-12,4.473537
2019-12-13,4.388259
2019-12-16,4.332969
2019-12-17,4.370842
2019-12-18,4.345476
2019-12-19,4.286373
2019-12-20,4.227204
2019-12-23,4.225844
2019-12-24,4.124421
2019-12-25,4.098699
2019-12-26,4.14087
2019-12-27,4.139566
2019-12-30,4.142957
2019-12-31,4.169309
2020-01-01,4.370232
2020-01-02,4.373941
2020-01-03,4.174896
2020-01-06,4.099939
2020-01-07,4.065866
2020-01-08,4.02213
2020-01-09,4.088408
2020-01-10,4.128169
2020-01-13,4.074394
2020-01-14,4.262674
2020-01-15,4.303902
2020-01-16,4.397983
2020-01-17,4.472785
2020-01-20,4.364139
2020-01-21,4.342104
2020-01-22,4.564802
2020-01-23,4.678499
2020-01-24,4.807156
2020-01-27,4.901113
2020-01-28,4.866892
2020-01-29,4.809954
2020-01-30,4.746123
2020-01-31,4.910308
2020-02-03,4.996413
2020-02-04,4.945587
2020-02-05,4.838906
2020-02-06,5.067153
2020-02-07,5.23151
2020-02-10,5.538304
2020-02-11,5.443467
2020-02-12,5.142144
2020-02-13,5.046224
2020-02-14,5.066265
2020-02-17,5.339417
2020-02-18,5.28042
2020-02-19,5.149261
2020-02-20,4.984139
2020-02-21,4.786598
2020-02-24,4.774215
2020-02-25,5.001972
2020-02-26,5.175261
2020-02-27,5.250603
2020-02-28,5.289671
2020-03-02,5.07254
2020-03-03,5.074875
2020-03-04,5.329748
2020-03-05,5.195749
2020-03-06,5.105279
2020-03-09,5.224926
2020-03-10,5.226842
2020-03-11,5.501265
2020-03-12,5.703575
2020-03-13,5.748973
2020-03-16,5.982461
2020-03-17,5.997119
2020-03-18,5.921881
2020-03-19,5.886614
2020-03-20,6.052711
2020-03-23,6.159699
2020-03-24,5.984665
2020-03-25,6.002952
2020-03-26,5.791716
2020-03-27,6.002069
2020-03-30,5.912454
2020-03-31,6.037573
2020-04-01,6.091402
2020-04-02,6.04204
2020-04-03,5.736107
2020-04-06,5.681142
2020-04-07,5.535824
2020-04-08,5.261115
2020-04-09,5.244262
2020-04-10,5.375001
2020-04-13,5.224083
2020-04-14,4.984955
2020-04-15,5.019406
2020-04-16,5.137671
2020-04-17,5.444653
2020-04-20,5.457204
2020-04-21,5.460544
2020-04-22,5.474312
2020-04-23,5.590249
2020-04-24,5.502753
2020-04-27,5.479144
2020-04-28,5.732082
2020-04-29,5.875494
2020-04-30,5.811451
2020-05-01,5.916547
2020-05-04,6.115932
2020-05-05,6.088257
2020-05-06,6.148117
2020-05-07,6.281433
2020-05-08,6.215663
2020-05-11,6.173047
2020-05-12,6.164583
2020-05-13,6.232964
2020-05-14,6.139025
2020-05-15,6.278648
2020-05-18,6.587734
2020-05-19,6.773908
2020-05-20,6.921612
2020-05-21,6.908373
2020-05-22,7.011566
2020-05-25,7.335581
2020-05-26,7.671152
2020-05-27,7.74986
2020-05-28,7.894436
2020-05-29,8.139749
2020-06-01,8.506362
2020-06-02,8.657088
2020-06-03,8.520975
2020-06-04,8.393445
2020-06-05,8.487153
2020-06-08,8.111646
2020-06-09,7.851956
2020-06-10,7.651811
2020-06-11,7.697051
2020-06-12,7.871836
2020-06-15,8.116366
2020-06-16,8.052074
2020-06-17,8.322618
2020-06-18,8.318141
2020-06-19,8.364155
2020-06-22,8.839587
2020-06-23,8.764546
2020-06-24,8.674327
2020-06-25,8.644271
2020-06-26,8.847848
2020-06-29,8.476717
2020-06-30,8.544424
2020-07-01,8.325152
2020-07-02,8.160248
2020-07-03,8.08313
2020-07-06,7.999665
2020-07-07,8.203583
2020-07-08,7.989096
2020-07-09,7.763343
2020-07-10,7.980177
2020-07-13,7.927937
2020-07-14,8.102998
2020-07-15,8.117397
2020-07-16,7.751811
2020-07-17,7.648286
2020-07-20,7.650203
2020-07-21,7.776534
2020-07-22,8.233849
2020-07-23,8.802622
2020-07-24,8.742483
2020-07-27,8.810167
2020-07-28,9.016998
2020-07-29,8.636184
2020-07-30,8.389095
2020-07-31,8.80741
2020-08-03,8.803214
2020-08-04,8.374594
2020-08-05,8.456031
2020-08-06,8.517666
2020-08-07,8.777971
2020-08-10,8.941488
2020-08-11,8.939539
2020-08-12,9.268554
2020-08-13,9.240254
2020-08-14,8.789045
2020-08-17,8.50057
2020-08-18,8.380683
2020-08-19,8.744066
2020-08-20,8.724564
2020-08-21,8.393283
2020-08-24,8.332048
2020-08-25,8.394163
2020-08-26,8.325172
2020-08-27,8.225143
2020-08-28,7.905921
2020-08-31,7.558625
2020-09-01,7.54374
2020-09-02,7.971057
2020-09-03,8.335648
2020-09-04,8.686219
2020-09-07,9.055112
2020-09-08,8.802721
2020-09-09,9.217801
2020-09-10,9.223228
2020-09-11,9.024842
2020-09-14,9.478138
2020-09-15,9.243095
2020-09-16,9.360194
2020-09-17,9.730296
2020-09-18,9.682636
2020-09-21,9.420997
2020-09-22,9.145726
2020-09-23,9.006904
2020-09-24,9.162012
2020-09-25,8.823482
2020-09-28,8.752129
2020-09-29,9.101236
2020-09-30,9.342334
2020-10-01,9.46683
2020-10-02,9.613381
2020-10-05,9.459745
2020-10-06,9.874529
2020-10-07,10.255952
2020-10-08,10.406299
2020-10-09,10.766985
2020-10-12,10.96324
2020-10-13,10.995107
2020-10-14,11.027147
2020-10-15,11.020231
2020-10-16,10.870479
2020-10-19,10.948366
2020-10-20,11.203288
2020-10-21,11.222635
2020-10-22,11.006082
2020-10-23,10.668608
2020-10-26,10.770065
2020-10-27,10.762594
2020-10-28,10.460582
2020-10-29,10.089771
2020-10-30,9.90196
2020-11-02,10.411128
2020-11-03,10.500739
2020-11-04,10.721614
2020-11-05,10.439704
2020-11-06,10.667446
2020-11-09,10.704814
2020-11-10,10.675046
2020-11-11,11.061416
2020-11-12,11.469712
2020-11-13,11.467366
2020-11-16,11.785215
2020-11-17,11.996524
2020-11-18,11.990757
2020-11-19,11.759638
2020-11-20,11.337062
2020-11-23,11.677218
2020-11-24,11.853858
2020-11-25,11.797504
2020-11-26,11.549527
2020-11-27,11.527874
2020-11-30,11.410215
2020-12-01,11.225096
2020-12-02,10.890441
2020-12-03,10.809599
2020-12-04,10.873469
2020-12-07,10.964424
2020-12-08,10.70268
2020-12-09,10.532149
2020-12-10,10.525869
2020-12-11,10.975667
2020-12-14,10.808896
2020-12-15,11.180903
2020-12-16,11.550162
2020-12-17,11.764843
2020-12-18,11.601203
2020-12-21,12.18045
2020-12-22,12.751051
2020-12-23,13.143548
2020-12-24,13.021836
2020-12-25,13.12336
2020-12-28,13.082393
2020-12-29,13.037686
2020-12-30,13.13436
2020-12-31,13.191248
2021-01-01,13.416639
2021-01-04,13.650689
2021-01-05,13.401925
2021-01-06,13.225057
2021-01-07,13.385131
2021-01-08,13.041282
2021-01-11,12.435055
2021-01-12,11.909229
2021-01-13,11.619344
2021-01-14,12.177917
2021-01-15,12.113579
2021-01-18,12.156357
2021-01-19,12.43603
2021-01-20,12.276756
2021-01-21,12.688197
2021-01-22,13.470935
2021-01-25,13.204351
2021-01-26,13.089233
2021-01-27,12.854995
2021-01-28,13.4788
2021-01-29,13.442915
2021-02-01,13.371588
2021-02-02,13.235101
2021-02-03,13.254881
2021-02-04,13.02449
2021-02-05,12.972298
2021-02-08,12.700509
2021-02-09,12.381825
2021-02-10,12.158541
2021-02-11,12.200316
2021-02-12,11.862683
2021-02-15,11.889301
2021-02-16,11.530308
2021-02-17,11.430563
2021-02-18,11.168054
2021-02-19,10.915302
2021-02-22,10.724033
2021-02-23,10.8367
2021-02-24,11.317495
2021-02-25,11.562314
2021-02-26,11.70863
2021-03-01,11.308227
2021-03-02,11.4734
2021-03-03,11.749761
2021-03-04,11.884168
2021-03-05,12.193951
2021-03-08,12.166827
2021-03-09,12.181026
2021-03-10,11.659992
2021-03-11,11.078165
2021-03-12,10.896629
2021-03-15,10.807365
2021-03-16,10.66992
2021-03-17,10.575555
2021-03-18,10.537276
2021-03-19,10.476763
2021-03-22,10.449858
2021-03-23,10.909546
2021-03-24,10.461738
2021-03-25,10.456605
2021-03-26,10.281252
2021-03-29,10.193087
2021-03-30,9.926954
2021-03-31,9.924573
2021-04-01,9.930134
2021-04-02,9.749964
2021-04-05,9.681653
2021-04-06,9.875048
2021-04-07,9.698821
2021-04-08,9.984114
2021-04-09,10.32473
2021-04-12,10.385571
2021-04-13,10.177754
2021-04-14,10.154999
2021-04-15,10.172046
2021-04-16,10.368715
2021-04-19,10.05752
2021-04-20,9.945168
2021-04-21,9.749258
2021-04-22,9.807576
2021-04-23,9.875032
2021-04-26,9.69078
2021-04-27,9.311915
2021-04-28,9.619978
2021-04-29,9.208895
2021-04-30,9.292322
2021-05-03,9.404903
2021-05-04,9.434422
2021-05-05,9.923214
2021-05-06,10.029935
2021-05-07,9.527595
2021-05-10,9.621367
2021-05-11,10.046545
2021-05-12,10.020055
2021-05-13,9.65504
2021-05-14,10.060905
2021-05-17,10.173315
2021-05-18,9.748304
2021-05-19,9.629721
2021-05-20,9.863564
2021-05-21,10.037491
2021-05-24,10.22642
2021-05-25,10.058494
2021-05-26,10.153249
2021-05-27,9.899371
2021-05-28,9.805449
2021-05-31,9.502956
2021-06-01,9.359643
2021-06-02,9.434795
2021-06-03,9.254414
2021-06-04,9.135375
2021-06-07,9.101774
2021-06-08,9.166114
2021-06-09,9.153715
2021-06-10,9.306098
2021-06-11,9.317278
2021-06-14,9.302256
2021-06-15,9.34758
2021-06-16,9.585137
2021-06-17,9.616364
2021-06-18,9.752643
2021-06-21,10.036949
2021-06-22,9.854799
2021-06-23,9.649308
2021-06-24,9.391151
2021-06-25,9.367393
2021-06-28,9.316472
2021-06-29,9.309659
2021-06-30,8.981384
2021-07-01,8.851133
2021-07-02,8.778517
2021-07-05,8.685177
2021-07-06,8.872525
2021-07-07,8.666969
2021-07-08,8.739176
2021-07-09,8.863821
2021-07-12,8.882866
2021-07-13,8.87956
2021-07-14,9.092758
2021-07-15,9.208689
2021-07-16,9.504109
2021-07-19,9.476529
2021-07-20,9.792379
2021-07-21,10.278861
2021-07-22,9.979647
2021-07-23,9.647068
2021-07-26,9.390212
2021-07-27,9.646363
2021-07-28,9.749531
2021-07-29,9.403802
2021-07-30,9.794098
2021-08-02,9.431153
2021-08-03,8.957746
2021-08-04,8.869663
2021-08-05,9.251269
2021-08-06,9.121462
2021-08-09,9.352288
2021-08-10,9.718815
2021-08-11,9.366187
2021-08-12,9.274724
2021-08-13,8.790391
2021-08-16,8.962079
2021-08-17,9.128351
2021-08-18,9.202911
2021-08-19,8.812321
2021-08-20,8.599409
2021-08-23,8.998662
2021-08-24,9.316831
2021-08-25,9.635119
2021-08-26,9.360416
2021-08-27,9.300899
2021-08-30,9.358742
2021-08-31,9.454737
2021-09-01,9.34163
2021-09-02,9.787607
2021-09-03,10.239032
2021-09-06,9.865334
2021-09-07,9.796588
2021-09-08,10.014068
2021-09-09,10.076394
2021-09-10,9.714079
2021-09-13,9.701787
2021-09-14,9.787318
2021-09-15,9.75044
2021-09-16,9.966683
2021-09-17,9.858914
2021-09-20,10.329367
2021-09-21,10.178661
2021-09-22,9.957996
2021-09-23,9.785962
2021-09-24,9.742909
2021-09-27,9.397282
2021-09-28,9.472956
2021-09-29,9.889973
2021-09-30,9.794337
2021-10-01,9.405735
2021-10-04,9.131975
2021-10-05,8.616822
2021-10-06,8.771209
2021-10-07,8.944357
2021-10-08,8.700605
2021-10-11,8.586538
2021-10-12,8.132315
2021-10-13,8.403386
2021-10-14,8.535933
2021-10-15,8.456269
2021-10-18,8.293832
2021-10-19,8.048491
2021-10-20,8.08483
2021-10-21,8.179171
2021-10-22,8.284394
2021-10-25,8.620043
2021-10-26,8.568147
2021-10-27,8.987958
2021-10-28,8.853442
2021-10-29,8.862475
2021-11-01,9.257735
2021-11-02,9.535817
2021-11-03,9.75019
2021-11-04,9.299086
2021-11-05,8.808101
2021-11-08,8.42307
2021-11-09,8.400765
2021-11-10,8.205596
2021-11-11,8.378307
2021-11-12,8.51768
2021-11-15,8.738038
2021-11-16,8.585952
2021-11-17,8.661786
2021-11-18,8.454871
2021-11-19,8.381278
2021-11-22,8.474809
2021-11-23,8.606577
2021-11-24,8.721994
2021-11-25,8.617746
2021-11-26,8.61615
2021-11-29,8.56693
2021-11-30,8.541851
2021-12-01,8.651972
2021-12-02,8.350913
2021-12-03,7.911181
2021-12-06,7.681195
2021-12-07,7.37365
2021-12-08,7.136172
2021-12-09,7.262048
2021-12-10,7.195764
2021-12-13,6.924268
2021-12-14,6.751951
2021-12-15,6.814628
2021-12-16,6.599346
2021-12-17,6.618993
2021-12-20,6.587146
2021-12-21,6.447702
2021-12-22,6.580294
2021-12-23,6.412977
2021-12-24,6.340945
2021-12-27,6.252331
2021-12-28,6.101396
2021-12-29,6.18516
2021-12-30,6.173359
2021-12-31,5.935458
2022-01-03,5.727448
2022-01-04,5.880371
2022-01-05,5.890346
2022-01-06,5.754957
2022-01-07,5.821353
2022-01-10,5.812241
2022-01-11,5.962302
2022-01-12,6.02717
2022-01-13,5.919878
2022-01-14,5.890953
2022-01-17,5.941337
2022-01-18,5.937602
2022-01-19,6.015991
2022-01-20,5.969202
2022-01-21,6.272081
2022-01-24,6.322412
2022-01-25,6.014661
2022-01-26,6.212395
2022-01-27,6.526928
2022-01-28,6.465208
2022-01-31,6.614556
2022-02-01,6.371791
2022-02-02,6.466511
2022-02-03,6.459556
2022-02-04,6.435295
2022-02-07,6.436542
2022-02-08,6.688366
2022-02-09,7.027668
2022-02-10,7.085719
2022-02-11,7.245187
2022-02-14,7.313189
2022-02-15,7.057665
2022-02-16,7.062473
2022-02-17,6.887964
2022-02-18,6.809866
2022-02-21,6.891305
2022-02-22,6.575433
2022-02-23,6.636207
2022-02-24,7.019932
2022-02-25,6.9779
2022-02-28,6.735991
2022-03-01,6.549119
2022-03-02,6.651833
2022-03-03,6.853866
2022-03-04,6.897942
2022-03-07,7.084184
2022-03-08,7.454401
2022-03-09,7.73818
2022-03-10,7.867746
2022-03-11,7.912714
2022-03-14,7.791774
2022-03-15,7.630003
2022-03-16,7.490165
2022-03-17,7.258409
2022-03-18,7.131838
2022-03-21,7.242283
2022-03-22,7.068482
2022-03-23,7.057891
2022-03-24,7.298457
2022-03-25,7.352747
2022-03-28,7.522102
2022-03-29,7.483366
2022-03-30,7.36311
2022-03-31,7.461396
2022-04-01,7.131812
2022-04-04,6.996431
2022-04-05,7.252419
2022-04-06,7.413369
2022-04-07,7.843478
2022-04-08,8.368356
2022-04-11,8.116371
2022-04-12,8.126746
2022-04-13,8.385956
2022-04-14,8.54283
2022-04-15,8.847818
2022-04-18,9.033026
2022-04-19,9.108776
2022-04-20,9.293518
2022-04-21,9.453576
2022-04-22,9.506742
2022-04-25,9.492675
2022-04-26,9.473473
2022-04-27,9.364002
2022-04-28,9.361084
2022-04-29,9.24862
2022-05-02,9.178596
2022-05-03,9.29063
2022-05-04,9.328565
2022-05-05,9.312542
2022-05-06,9.773573
2022-05-09,9.650424
2022-05-10,9.722712
2022-05-11,9.882627
2022-05-12,9.992648
2022-05-13,10.001672
2022-05-16,9.732786
2022-05-17,9.9003
2022-05-18,10.184898
2022-05-19,10.481483
2022-05-20,10.625091
2022-05-23,10.784259
2022-05-24,10.943938
2022-05-25,11.525395
2022-05-26,11.630584
2022-05-27,11.751566
2022-05-30,11.658854
2022-05-31,11.79401
2022-06-01,11.391016
2022-06-02,11.66341
2022-06-03,11.156225
2022-06-06,10.934255
2022-06-07,10.872591
2022-06-08,10.784615
2022-06-09,10.676713
2022-06-10,10.807411
2022-06-13,10.567095
2022-06-14,9.98007
2022-06-15,9.81599
2022-06-16,10.011096
2022-06-17,10.152258
2022-06-20,10.593951
2022-06-21,10.476745
2022-06-22,10.861537
2022-06-23,11.113699
2022-06-24,11.258625
2022-06-27,11.0792
2022-06-28,10.961871
2022-06-29,11.389605
2022-06-30,11.132931
2022-07-01,11.441845
2022-07-04,11.272438
2022-07-05,11.698185
2022-07-06,11.754302
2022-07-07,11.634026
2022-07-08,11.960403
2022-07-11,12.076644
2022-07-12,12.101611
2022-07-13,11.486983
2022-07-14,11.330883
2022-07-15,11.593462
2022-07-18,11.844889
2022-07-19,11.498847
2022-07-20,11.80416
2022-07-21,11.748775
2022-07-22,11.695197
2022-07-25,11.759692
2022-07-26,11.719466
2022-07-27,11.477766
2022-07-28,11.737548
2022-07-29,11.651821
2022-08-01,11.546171
2022-08-02,11.409139
2022-08-03,11.136363
2022-08-04,11.175736
2022-08-05,11.089107
2022-08-08,10.790829
2022-08-09,10.582741
2022-08-10,10.635892
2022-08-11,11.18403
2022-08-12,11.577459
2022-08-15,11.780866
2022-08-16,11.819276
2022-08-17,12.179999
2022-08-18,12.583161
2022-08-19,12.86929
2022-08-22,13.441884
2022-08-23,13.185227
2022-08-24,13.193228
2022-08-25,13.151232
2022-08-26,13.500788
2022-08-29,13.757105
2022-08-30,13.699111
2022-08-31,13.476775
2022-09-01,13.576372
2022-09-02,13.349301
2022-09-05,13.57006
2022-09-06,13.776766
2022-09-07,13.22301
2022-09-08,13.343152
2022-09-09,13.164767
2022-09-12,13.116228
2022-09-13,13.108499
2022-09-14,12.70226
2022-09-15,12.782865
2022-09-16,12.118834
2022-09-19,11.733229
2022-09-20,11.028758
2022-09-21,11.299435
2022-09-22,11.647446
2022-09-23,11.792878
2022-09-26,12.202408
2022-09-27,12.874848
2022-09-28,13.298662
2022-09-29,14.003171
2022-09-30,13.580384
2022-10-03,14.068282
2022-10-04,13.515563
2022-10-05,12.631853
2022-10-06,12.312055
2022-10-07,12.831336
2022-10-10,13.231987
2022-10-11,13.238943
2022-10-12,13.335253
2022-10-13,13.976326
2022-10-14,14.432904
2022-10-17,15.105746
2022-10-18,15.575161
2022-10-19,15.305072
2022-10-20,15.926274
2022-10-21,16.509913
2022-10-24,17.015465
2022-10-25,17.361827
2022-10-26,17.053486
2022-10-27,16.268796
2022-10-28,16.193818
2022-10-31,15.96153
2022-11-01,16.258696
2022-11-02,16.138546
2022-11-03,16.703427
2022-11-04,17.091623
2022-11-07,16.985677
2022-11-08,16.584558
2022-11-09,16.782769
2022-11-10,16.261769
2022-11-11,16.034701
2022-11-14,15.25035
2022-11-15,15.392886
2022-11-16,15.328166
2022-11-17,15.947732
2022-11-18,16.252027
2022-11-21,15.857377
2022-11-22,16.095333
2022-11-23,15.876036
2022-11-24,15.769767
2022-11-25,15.253795
2022-11-28,15.34083
2022-11-29,15.194542
2022-11-30,15.711046
2022-12-01,15.166925
2022-12-02,14.813558
2022-12-05,14.042892
2022-12-06,14.055044
2022-12-07,14.7008
2022-12-08,14.77781
2022-12-09,14.249868
2022-12-12,14.415139
2022-12-13,14.800082
2022-12-14,14.435158
2022-12-15,13.752606
2022-12-16,13.748978
2022-12-19,13.683417
2022-12-20,13.752408
2022-12-21,13.719879
2022-12-22,12.927586
2022-12-23,12.570969
2022-12-26,12.428614
2022-12-27,12.236237
2022-12-28,11.982915
2022-12-29,11.398735
2022-12-30,11.199207
2023-01-02,11.347319
2023-01-03,11.208859
2023-01-04,11.343205
2023-01-05,10.893742
2023-01-06,10.166842
2023-01-09,9.662543
2023-01-10,9.876441
2023-01-11,10.088306
2023-01-12,10.290171
2023-01-13,10.231461
2023-01-16,9.885862
2023-01-17,9.78877
2023-01-18,9.609462
2023-01-19,9.465417
2023-01-20,9.262719
2023-01-23,9.202454
2023-01-24,9.336617
2023-01-25,9.360824
2023-01-26,9.483655
2023-01-27,9.063227
2023-01-30,8.815441
2023-01-31,8.73919
2023-02-01,9.038745
2023-02-02,9.029168
2023-02-03,8.765719
2023-02-06,8.710903
2023-02-07,8.750534
2023-02-08,8.702962
2023-02-09,8.389941
2023-02-10,8.515308
2023-02-13,8.435875
2023-02-14,8.127889
2023-02-15,8.296393
2023-02-16,8.364556
2023-02-17,8.33497
2023-02-20,8.492617
2023-02-21,8.106294
2023-02-22,7.975752
2023-02-23,7.782995
2023-02-24,7.881751
2023-02-27,7.931155
2023-02-28,7.923494
2023-03-01,7.836491
2023-03-02,7.531422
2023-03-03,7.040149
2023-03-06,6.977943
2023-03-07,7.128634
2023-03-08,7.300732
2023-03-09,7.354808
2023-03-10,7.128452
2023-03-13,6.82867
2023-03-14,6.927761
2023-03-15,6.754895
2023-03-16,6.906887
2023-03-17,6.55793
2023-03-20,6.449732
2023-03-21,6.63424
2023-03-22,6.481375
2023-03-23,6.0785
2023-03-24,5.927414
2023-03-27,6.166872
2023-03-28,6.052856
2023-03-29,5.914865
2023-03-30,5.890932
2023-03-31,5.816483
2023-04-03,5.583914
2023-04-04,5.484827
2023-04-05,5.177569
2023-04-06,5.213155
2023-04-07,5.289359
2023-04-10,5.052275
2023-04-11,5.080276
2023-04-12,4.946598
2023-04-13,5.142753
2023-04-14,5.082869
2023-04-17,5.089516
2023-04-18,5.117402
2023-04-19,5.300278
2023-04-20,5.406367
2023-04-21,5.381013
2023-04-24,5.154995
2023-04-25,5.087233
2023-04-26,5.077726
2023-04-27,5.145285
2023-04-28,5.306387
2023-05-01,5.481166
2023-05-02,5.486071
2023-05-03,5.392456
2023-05-04,5.078925
2023-05-05,5.163573
2023-05-08,5.113848
2023-05-09,5.094036
2023-05-10,4.912267
2023-05-11,4.726047
2023-05-12,4.66763
2023-05-15,4.629825
2023-05-16,4.564659
2023-05-17,4.305826
2023-05-18,4.052959
2023-05-19,4.075524
2023-05-22,4.063754
2023-05-23,4.067133
2023-05-24,3.851413
2023-05-25,3.707761
2023-05-26,3.532672
2023-05-29,3.53096
2023-05-30,3.710356
2023-05-31,3.639271
2023-06-01,3.647489
2023-06-02,3.833662
2023-06-05,3.876834
2023-06-06,3.953338
2023-06-07,3.815679
2023-06-08,3.635734
2023-06-09,3.48467
2023-06-12,3.53182
2023-06-13,3.586593
2023-06-14,3.447729
2023-06-15,3.585645
2023-06-16,3.783174
2023-06-19,3.890713
2023-06-20,3.93405
2023-06-21,3.952864
2023-06-22,3.895787
2023-06-23,4.079594
2023-06-26,3.990919
2023-06-27,4.126038
2023-06-28,4.198409
2023-06-29,4.195821
2023-06-30,4.079343
2023-07-03,3.993063
2023-07-04,4.181848
2023-07-05,4.364239
2023-07-06,4.540006
2023-07-07,4.498275
2023-07-10,4.479238
2023-07-11,4.710462
2023-07-12,4.608896
2023-07-13,4.561218
2023-07-14,4.521241
2023-07-17,4.419689
2023-07-18,4.62919
2023-07-19,4.930103
2023-07-20,5.100161
2023-07-21,4.982544
2023-07-24,4.933387
2023-07-25,4.945687
2023-07-26,5.098557
2023-07-27,5.410191
2023-07-28,5.272997
2023-07-31,5.113458
2023-08-01,5.18501
2023-08-02,5.127155
2023-08-03,5.346307
2023-08-04,5.498139
2023-08-07,5.412391
2023-08-08,5.25835
2023-08-09,5.388779
2023-08-10,5.2412
2023-08-11,5.144912
2023-08-14,5.054887
2023-08-15,5.315972
2023-08-16,5.562318
2023-08-17,5.786805
2023-08-18,5.917466
2023-08-21,6.042031
2023-08-22,6.409727
2023-08-23,6.678673
2023-08-24,6.941712
2023-08-25,7.030667
2023-08-28,6.787482
2023-08-29,6.74893
2023-08-30,6.986786
2023-08-31,6.973395
2023-09-01,7.256287
2023-09-04,7.251718
2023-09-05,7.65995
2023-09-06,7.992601
2023-09-07,8.248406
2023-09-08,7.929347
2023-09-11,7.731338
2023-09-12,8.145499
2023-09-13,8.6935
2023-09-14,8.747001
2023-09-15,9.258688
2023-09-18,9.197181
2023-09-19,9.166727
2023-09-20,8.975895
2023-09-21,8.541992
2023-09-22,8.417535
2023-09-25,8.091653
2023-09-26,8.194802
2023-09-27,8.142454
2023-09-28,8.607343
2023-09-29,8.872288
2023-10-02,9.340394
2023-10-03,9.708884
2023-10-04,9.921847
2023-10-05,9.738489
2023-10-06,9.981871
2023-10-09,10.006814
2023-10-10,10.378581
2023-10-11,10.58324
2023-10-12,10.354353
2023-10-13,10.274665
2023-10-16,10.50568
2023-10-17,10.927285
2023-10-18,11.347485
2023-10-19,10.954638
2023-10-20,10.929013
2023-10-23,11.073338
2023-10-24,11.282705
2023-10-25,11.373013
2023-10-26,11.120261
2023-10-27,10.730702
2023-10-30,10.598046
2023-10-31,10.137862
2023-11-01,10.111575
2023-11-02,10.305709
2023-11-03,10.33928
2023-11-06,10.612817
2023-11-07,10.786964
2023-11-08,10.768784
2023-11-09,10.987773
2023-11-10,11.493108
2023-11-13,11.548185
2023-11-14,11.818199
2023-11-15,12.62031
2023-11-16,13.551477
2023-11-17,14.338816
2023-11-20,14.384831
2023-11-21,14.398441
2023-11-22,14.881055
2023-11-23,15.246786
2023-11-24,15.080406
2023-11-27,14.809246
2023-11-28,14.902355
2023-11-29,15.022872
2023-11-30,15.192075
2023-12-01,15.164971
2023-12-04,15.669852
2023-12-05,15.921653
2023-12-06,16.152592
2023-12-07,16.756761
2023-12-08,16.979314
2023-12-11,17.157241
2023-12-12,17.214717
2023-12-13,17.102172
2023-12-14,18.125142
2023-12-15,19.075343
2023-12-18,19.562013
2023-12-19,20.113449
2023-12-20,21.193146
2023-12-21,20.922933
2023-12-22,21.202044
2023-12-25,21.611172
2023-12-26,22.441314
2023-12-27,21.805029
2023-12-28,21.697938
2023-12-29,22.020377
2024-01-01,21.346034
2024-01-02,20.828662
2024-01-03,20.555912
2024-01-04,20.939737
2024-01-05,21.013197
2024-01-08,22.285158
2024-01-09,22.814456
2024-01-10,23.773659
2024-01-11,23.177753
2024-01-12,22.227004
2024-01-15,22.15826
2024-01-16,22.058671
2024-01-17,22.257845
2024-01-18,21.78109
2024-01-19,21.839581
2024-01-22,21.725373
2024-01-23,21.522537
2024-01-24,21.323578
2024-01-25,20.471082
2024-01-26,20.501469
2024-01-29,20.394713
2024-01-30,19.509332
2024-01-31,20.057537
2024-02-01,20.972346
2024-02-02,21.008743
2024-02-05,20.196665
2024-02-06,21.167865
2024-02-07,20.489718
2024-02-08,19.379424
2024-02-09,20.247457
2024-02-12,19.55337
2024-02-13,20.246155
2024-02-14,19.503583
2024-02-15,18.907174
2024-02-16,18.231207
2024-02-19,18.874671
2024-02-20,19.220794
2024-02-21,18.464564
2024-02-22,19.316403
2024-02-23,19.390841
2024-02-26,18.481021
2024-02-27,17.593225
2024-02-28,16.825103
2024-02-29,16.453049
2024-03-01,17.309143
2024-03-04,17.494989
2024-03-05,17.708736
2024-03-06,18.357483
2024-03-07,18.832034
2024-03-08,19.611765
2024-03-11,19.798015
2024-03-12,19.102503
2024-03-13,19.491482
2024-03-14,19.041048
2024-03-15,18.867248
2024-03-18,19.102652
2024-03-19,19.628476
2024-03-20,20.540664
2024-03-21,21.541881
2024-03-22,22.782685
2024-03-25,23.119918
2024-03-26,23.458965
2024-03-27,23.928297
2024-03-28,23.603084
2024-03-29,23.608159
2024-04-01,22.851634
2024-04-02,22.586271
2024-04-03,22.440016
2024-04-04,22.398072
2024-04-05,21.550455
2024-04-08,21.236784
2024-04-09,20.673287
2024-04-10,20.923118
2024-04-11,22.058774
2024-04-12,22.410869
2024-04-15,22.060908
2024-04-16,21.393288
2024-04-17,21.038225
2024-04-18,20.985177
2024-04-19,21.053029
2024-04-22,20.585976
2024-04-23,19.454601
2024-04-24,19.776036
2024-04-25,19.965627
2024-04-26,20.680653
2024-04-29,20.416745
2024-04-30,20.980987
2024-05-01,22.081436
2024-05-02,23.430686
2024-05-03,23.495942
2024-05-06,23.50926
2024-05-07,23.796559
2024-05-08,24.536014
2024-05-09,24.703087
2024-05-10,24.789636
2024-05-13,25.755781
2024-05-14,25.702467
2024-05-15,26.973122
2024-05-16,28.598478
2024-05-17,27.463018
2024-05-20,28.529416
2024-05-21,27.34558
2024-05-22,28.24419
2024-05-23,27.750638
2024-05-24,28.996841
2024-05-27,30.434001
2024-05-28,30.616653
2024-05-29,29.347696
2024-05-30,27.547143
2024-05-31,25.756784
2024-06-03,25.290836
2024-06-04,25.846211
2024-06-05,26.980607
2024-06-06,25.812755
2024-06-07,24.354345
2024-06-10,25.244679
2024-06-11,24.680836
2024-06-12,24.273695
2024-06-13,23.43145
2024-06-14,22.728479
2024-06-17,22.206954
2024-06-18,22.242683
2024-06-19,22.227442
2024-06-20,22.296461
2024-06-21,22.28505
2024-06-24,21.210819
2024-06-25,21.989986
2024-06-26,22.437403
2024-06-27,21.58406
2024-06-28,20.244134
2024-07-01,19.187667
2024-07-02,19.906259
2024-07-03,19.066129
2024-07-04,19.040108
2024-07-05,18.486723
2024-07-08,17.938597
2024-07-09,18.342889
2024-07-10,18.201262
2024-07-11,18.348597
2024-07-12,18.773927
2024-07-15,18.570765
2024-07-16,17.770622
2024-07-17,16.675338
2024-07-18,17.234283
2024-07-19,17.639686
2024-07-22,17.68621
2024-07-23,17.13053
2024-07-24,17.213775
2024-07-25,18.078926
2024-07-26,17.886865
2024-07-29,18.152142
2024-07-30,18.515203
2024-07-31,19.229512
2024-08-01,19.126712
2024-08-02,19.266372
2024-08-05,19.523625
2024-08-06,18.649659
2024-08-07,17.883449
2024-08-08,17.774768
2024-08-09,17.249364
2024-08-12,17.59293
2024-08-13,17.09482
2024-08-14,16.587128
2024-08-15,15.92788
2024-08-16,16.377066
2024-08-19,15.998663
2024-08-20,15.676944
2024-08-21,15.950331
2024-08-22,16.438279
2024-08-23,16.907939
2024-08-26,16.261151
2024-08-27,15.703703
2024-08-28,14.888013
2024-08-29,15.17082
2024-08-30,14.538167
2024-09-02,14.68217
2024-09-03,15.423611
2024-09-04,14.878609
2024-09-05,14.658971
2024-09-06,14.509867
2024-09-09,14.335774
2024-09-10,13.922117
2024-09-11,13.837526
2024-09-12,13.332281
2024-09-13,13.769001
2024-09-16,14.073718
2024-09-17,14.277893
2024-09-18,14.23816
2024-09-19,14.291424
2024-09-20,14.341588
2024-09-23,14.153643
2024-09-24,14.69801
2024-09-25,14.86473
2024-09-26,14.982456
2024-09-27,15.244477
2024-09-30,14.913211
2024-10-01,14.320413
2024-10-02,13.416036
2024-10-03,13.670864
2024-10-04,14.383605
2024-10-07,14.021715
2024-10-08,14.422073
2024-10-09,15.156036
2024-10-10,14.539507
2024-10-11,14.337965
2024-10-14,13.803282
2024-10-15,13.366315
2024-10-16,13.577915
2024-10-17,14.255903
2024-10-18,14.689844
2024-10-21,13.937145
2024-10-22,13.468898
2024-10-23,12.914447
2024-10-24,12.77202
2024-10-25,12.694632
2024-10-28,13.016705
2024-10-29,12.617649
2024-10-30,12.586131
2024-10-31,12.5594
2024-11-01,12.388483
2024-11-04,12.797153
2024-11-05,13.100436
2024-11-06,13.747578
2024-11-07,13.574867
2024-11-08,13.370979
2024-11-11,12.663496
2024-11-12,12.831102
2024-11-13,12.834173
2024-11-14,12.096106
2024-11-15,11.36352
2024-11-18,10.676667
2024-11-19,10.48318
2024-11-20,9.859288
2024-11-21,9.749536
2024-11-22,9.771792
2024-11-25,9.259532
2024-11-26,9.189935
2024-11-27,8.663763
2024-11-28,8.834514
2024-11-29,8.749052
2024-12-02,8.839208
2024-12-03,8.681859
2024-12-04,8.507574
2024-12-05,8.396415
2024-12-06,8.481038
2024-12-09,8.882154
2024-12-10,9.129126
2024-12-11,9.510585
2024-12-12,9.910665
2024-12-13,9.768886
2024-12-16,10.15366
2024-12-17,9.661947
2024-12-18,9.457479
2024-12-19,9.529668
2024-12-20,9.456004
2024-12-23,9.106836
2024-12-24,8.520474
2024-12-25,8.444699
2024-12-26,8.757861
2024-12-27,8.323977
2024-12-30,8.263703
2024-12-31,7.866786
2025-01-01,7.851149
2025-01-02,7.89592
2025-01-03,8.246744
2025-01-06,8.387354
2025-01-07,8.323162
2025-01-08,7.98924
2025-01-09,7.874144
2025-01-10,8.202959
2025-01-13,8.647709
2025-01-14,8.99355
2025-01-15,9.365783
2025-01-16,8.900729
2025-01-17,8.275533
2025-01-20,7.675234
2025-01-21,7.681449
2025-01-22,7.683036
2025-01-23,7.443298
2025-01-24,7.324429
2025-01-27,7.278281
2025-01-28,6.921571
2025-01-29,6.745738
2025-01-30,7.010856
2025-01-31,7.091169
2025-02-03,7.074755
2025-02-04,6.662175
2025-02-05,6.247268
2025-02-06,5.906469
2025-02-07,5.945903
2025-02-10,5.858667
2025-02-11,5.818152
2025-02-12,5.717416
2025-02-13,5.394067
2025-02-14,5.014203
2025-02-17,5.091937
2025-02-18,5.194857
2025-02-19,5.219815
2025-02-20,5.248705
2025-02-21,5.224054
2025-02-24,5.447734
2025-02-25,5.22042
2025-02-26,5.135322
2025-02-27,5.084777
2025-02-28,4.942633
2025-03-03,4.933407
2025-03-04,4.891056
2025-03-05,4.599831
2025-03-06,4.424047
2025-03-07,4.270974
2025-03-10,4.361262
2025-03-11,4.385094
2025-03-12,4.374426
2025-03-13,4.294509
2025-03-14,4.199141
2025-03-17,4.364152
2025-03-18,4.527696
2025-03-19,4.589523
2025-03-20,4.617178
2025-03-21,4.377483
2025-03-24,4.42208
2025-03-25,4.280645
2025-03-26,4.342915
2025-03-27,4.237668
2025-03-28,4.216586
2025-03-31,4.379903
2025-04-01,4.413663
2025-04-02,4.35135
2025-04-03,4.336274
2025-04-04,4.28033
2025-04-07,4.022994
2025-04-08,3.737161
2025-04-09,3.834437
2025-04-10,4.004941
2025-04-11,4.215359
2025-04-14,4.063205
2025-04-15,3.888088
2025-04-16,3.975052
2025-04-17,4.06675
2025-04-18,3.886848
2025-04-21,3.730038
2025-04-22,3.533496
2025-04-23,3.374399
2025-04-24,3.339867
2025-04-25,3.437867
2025-04-28,3.485875
2025-04-29,3.483922
2025-04-30,3.437762
2025-05-01,3.329349
2025-05-02,3.453303
2025-05-05,3.351807
2025-05-06,3.217862
2025-05-07,3.008726
2025-05-08,2.979872
2025-05-09,3.103399
2025-05-12,3.124851
2025-05-13,3.237753
2025-05-14,3.324423
2025-05-15,3.247825
2025-05-16,3.372823
2025-05-19,3.481308
2025-05-20,3.660612
2025-05-21,3.635936
2025-05-22,3.563093
2025-05-23,3.691417
2025-05-26,3.729672
2025-05-27,3.815914
2025-05-28,3.730096
2025-05-29,3.865392
2025-05-30,3.887969
2025-06-02,3.953215
2025-06-03,4.010262
2025-06-04,4.092392
2025-06-05,3.937004
2025-06-06,4.031178
2025-06-09,4.086571
2025-06-10,4.282139
2025-06-11,4.506359
2025-06-12,4.466602
2025-06-13,4.250848
2025-06-16,4.122959
2025-06-17,3.892056
2025-06-18,3.666476
2025-06-19,3.633859
2025-06-20,3.636354
2025-06-23,3.442587
2025-06-24,3.466533
2025-06-25,3.467861
2025-06-26,3.626343
2025-06-27,3.803209
2025-06-30,3.721537
2025-07-01,3.716736
2025-07-02,3.781132
2025-07-03,3.796287
2025-07-04,3.671589
2025-07-07,3.600958
2025-07-08,3.635388
2025-07-09,3.587049
2025-07-10,3.60598
2025-07-11,3.607535
2025-07-14,3.627744
2025-07-15,3.67213
2025-07-16,3.599265
2025-07-17,3.538795
2025-07-18,3.590777
2025-07-21,3.523152
2025-07-22,3.492622
2025-07-23,3.380078
2025-07-24,3.279146
2025-07-25,3.268026
2025-07-28,3.232465
2025-07-29,3.134786
2025-07-30,3.156854
2025-07-31,3.292393
2025-08-01,3.392044
2025-08-04,3.493593
2025-08-05,3.521278
2025-08-06,3.613246
2025-08-07,3.745688
2025-08-08,3.775822
2025-08-11,3.876635
2025-08-12,3.688465
2025-08-13,3.615601
2025-08-14,3.613389
2025-08-15,3.46922
2025-08-18,3.416543
2025-08-19,3.449178
2025-08-20,3.501614
2025-08-21,3.62773
2025-08-22,3.533316
2025-08-25,3.479949
2025-08-26,3.631672
2025-08-27,3.696926
2025-08-28,3.583998
2025-08-29,3.510107
2025-09-01,3.361445
2025-09-02,3.297467
2025-09-03,3.146975
2025-09-04,3.140845
2025-09-05,3.039042
2025-09-08,2.895785
2025-09-09,2.712873
2025-09-10,2.545647
2025-09-11,2.378082
2025-09-12,2.425238
2025-09-15,2.381787
2025-09-16,2.377705
2025-09-17,2.369522
2025-09-18,2.302507
2025-09-19,2.243227
2025-09-22,2.256587
2025-09-23,2.281092
2025-09-24,2.2383
2025-09-25,2.313707
2025-09-26,2.449706
2025-09-29,2.503088
2025-09-30,2.444661
2025-10-01,2.32459
2025-10-02,2.257764
2025-10-03,2.31083
2025-10-06,2.213633
2025-10-07,2.161562
2025-10-08,2.1296
2025-10-09,2.131062
2025-10-10,2.164944
2025-10-13,2.23548
2025-10-14,2.211206
2025-10-15,2.278259
2025-10-16,2.259585
2025-10-17,2.332801
2025-10-20,2.36947
2025-10-21,2.418145
2025-10-22,2.553028
2025-10-23,2.516929
2025-10-24,2.512739
2025-10-27,2.536282
2025-10-28,2.672369
2025-10-29,2.738094
2025-10-30,2.772749
2025-10-31,2.76209
2025-11-03,2.901068
2025-11-04,2.919497
2025-11-05,3.022603
2025-11-06,3.123827
2025-11-07,3.158604
2025-11-10,3.256049
2025-11-11,3.327884
2025-11-12,3.51608
2025-11-13,3.490148
2025-11-14,3.560688
2025-11-17,3.459506
2025-11-18,3.435957
2025-11-19,3.614239
2025-11-20,3.698663
2025-11-21,3.811893
2025-11-24,3.805389
2025-11-25,3.798511
2025-11-26,3.99856
2025-11-27,3.898507
2025-11-28,3.80634
2025-12-01,3.781507
2025-12-02,3.678692
2025-12-03,3.818592
2025-12-04,3.682532
2025-12-05,3.709258
2025-12-08,3.851102
2025-12-09,3.73496
2025-12-10,3.902869
2025-12-11,4.097443
2025-12-12,4.115718
2025-12-15,4.337627
2025-12-16,4.291251
2025-12-17,4.505458
2025-12-18,4.576192
2025-12-19,4.784168
2025-12-22,4.679614
2025-12-23,4.567401
2025-12-24,4.608648
2025-12-25,4.406571
2025-12-26,4.395023
2025-12-29,4.419728
2025-12-30,4.406651
2025-12-31,4.419736
2026-01-01,4.668843
2026-01-02,4.71323
2026-01-05,4.877479
2026-01-06,4.836535
2026-01-07,4.922572
2026-01-08,4.969488
2026-01-09,5.210304
2026-01-12,5.201005
2026-01-13,5.261996
2026-01-14,5.229093
2026-01-15,4.977821
2026-01-16,4.737636
2026-01-19,4.516846
2026-01-20,4.465818
2026-01-21,4.531467
2026-01-22,4.647888
2026-01-23,4.688611
2026-01-26,4.86741
2026-01-27,5.004376
2026-01-28,4.867235
2026-01-29,5.005596
2026-01-30,5.254744
2026-02-02,5.483918
2026-02-03,5.691626
2026-02-04,5.753297
2026-02-05,5.53628
2026-02-06,5.579017
2026-02-09,5.360575
2026-02-10,5.17137
2026-02-11,5.194216
2026-02-12,5.071377
2026-02-13,4.995787
2026-02-16,5.213392
2026-02-17,5.373495
2026-02-18,5.595811
2026-02-19,5.773506
2026-02-20,5.868612
2026-02-23,5.710543
2026-02-24,5.636105
2026-02-25,5.605206
2026-02-26,5.888192
2026-02-27,5.984461
2026-03-02,6.10477
2026-03-03,5.938603
2026-03-04,5.977588
2026-03-05,5.816468
2026-03-06,5.948013
2026-03-09,6.203404
2026-03-10,6.390802
2026-03-11,6.819525
2026-03-12,7.176626
2026-03-13,7.484453
2026-03-16,7.93418
2026-03-17,8.076953
2026-03-18,8.160143
2026-03-19,8.146338
2026-03-20,8.561307
2026-03-23,8.53806
2026-03-24,8.507382
2026-03-25,8.944069
2026-03-26,9.241913
2026-03-27,9.17048
2026-03-30,9.566953
2026-03-31,9.583799
2026-04-01,9.56965
2026-04-02,10.168126
2026-04-03,10.261603
2026-04-06,10.911929
2026-04-07,10.86614
2026-04-08,11.192786
2026-04-09,11.047699
2026-04-10,11.501285
2026-04-13,12.261247
2026-04-14,12.502736
2026-04-15,13.076765
2026-04-16,13.039479
2026-04-17,13.33203
2026-04-20,13.594472
2026-04-21,13.874042
2026-04-22,13.621884
2026-04-23,14.055434
2026-04-24,15.086643
2026-04-27,15.197795
2026-04-28,15.859752
2026-04-29,15.739013
2026-04-30,15.089646
2026-05-01,14.996644
2026-05-04,15.61836
2026-05-05,15.756811
2026-05-06,15.522197
2026-05-07,14.882909
2026-05-08,14.857516
2026-05-11,14.53509
2026-05-12,15.197259
2026-05-13,15.211491
2026-05-14,14.834122
2026-05-15,14.484495
2026-05-18,14.280418
2026-05-19,14.090451
2026-05-20,14.261764
2026-05-21,14.411245
2026-05-22,14.899517
